{
  "courses": [
    {
      "courseName": "javascript",
      "courseDuration": "55",
      "coursePrice": "777",
      "id": 8
    },
    {
      "courseName": "selenium",
      "courseDuration": "7",
      "coursePrice": "8000",
      "id": 9
    },
    {
      "courseName": "Java",
      "courseDuration": "6",
      "coursePrice": "999",
      "id": 10
    },
    {
      "courseName": "Python",
      "courseDuration": "12",
      "coursePrice": "15000",
      "id": 11
    },
    {
      "courseName": "C++",
      "courseDuration": "weg",
      "coursePrice": "12",
      "id": 12
    },
    {
      "courseName": "C",
      "courseDuration": "adh",
      "coursePrice": "23444",
      "id": 13
    },
    {
      "courseName": "hadoop",
      "courseDuration": "8",
      "coursePrice": "15000",
      "id": 14
    }
  ]
}